개설강좌,,,,,,,,,,,,,,,,,,,,,,,
,,,,,,,,,,,,,,,,,,,,,,,
NO,개설전공,개설과정,과목번호,분반,교과목명,담당교수,이수구분,과목세부구분,강의실습구분,교과대분류,교과분야,교과영역,전공(트랙),학위구분,성적부여방법,학점,이론시수,실습시수,코드쉐어여부,영어강의여부,요일/교시/강의실,선수과목,비고
1,기초학부,전체,BE101a,01,프로그래밍,목지수,기초필수,교과,이론및실습,기초,기초공학,컴퓨터공학,,,등급,3.0,2.0,2.0,N,Y,"화09:00-11:00(E7 - 233), 목09:00-11:00(E7 - 233)",,목요일 09시-11시 실습 수업 일괄 진행
2,기초학부,전체,BE202,01,데이터사이언스기초,장준기,기초필수,교과,이론및실습,기초,기초공학,컴퓨터공학,,,등급,3.0,2.0,2.0,N,Y,"화13:00-15:00(E7 - 233), 목13:00-15:00(E7 - 233)",,
3,기초학부,전체,BE202,02,데이터사이언스기초,길현재,기초필수,교과,이론및실습,기초,기초공학,컴퓨터공학,,,등급,3.0,2.0,2.0,N,Y,"월15:00-17:00(E7 - 233), 수15:00-17:00(E7 - 233)",,
4,기초학부,전체,BE203,01,창의기계설계,박준혁,기초필수,교과,이론,기초,기초공학,공학선택,,,등급,3.0,3.0,0.0,N,N,금09:00-12:00(E7 - 307),,
5,기초학부,전체,BE203,02,창의기계설계,송석호,기초필수,교과,이론,기초,기초공학,공학선택,,,등급,3.0,3.0,0.0,N,Y,월14:30-17:30(E7 - 307),,
6,기초학부,전체,BE205,01,회로이론과 계측법(이론),이정협,기초필수,교과,이론,기초,기초공학,공학선택,,,등급,2.0,2.0,0.0,N,Y,목17:00-19:00(E7 - 233),,
7,기초학부,전체,BE205,02,회로이론과 계측법(이론),송민영,기초필수,교과,이론,기초,기초공학,공학선택,,,등급,2.0,2.0,0.0,N,Y,화17:00-19:00(E7 - 233),,
8,기초학부,전체,BR301,01,뇌과학실험Ⅰ(이),"조용철, 김규형, 오용석",심화필수,교과,실습,심화,전공,트랙,,이학사,등급,3.0,0.0,3.0,N,Y,금09:00-12:00(E4 - 225),,
9,기초학부,전체,BR403,01,신경재생 및 퇴행(이),조용철,심화필수,교과,이론,심화,전공,트랙,,이학사,등급,3.0,3.0,0.0,N,Y,"화14:30-16:00(E7 - L21), 목14:30-16:00(E7 - L21)",,신규개설
10,기초학부,전체,BR404,01,학습과 기억(이),박포정,심화필수,교과,이론,심화,전공,트랙,,이학사,등급,3.0,3.0,0.0,N,Y,"화16:30-18:00(E7 - G01), 목16:30-18:00(E7 - G01)",,신규개설
11,기초학부,전체,BS102a,01,공학수학Ⅰ,안흥주,기초필수,교과,이론및실습,기초,기초과학,수학,,,등급,3.0,3.0,1.0,N,Y,"화13:00-15:00(E7 - 223), 목13:00-15:00(E7 - 223)",,
12,기초학부,전체,BS102a,02,공학수학Ⅰ,Hudson Thomas Bryan,기초필수,교과,이론및실습,기초,기초과학,수학,,,등급,3.0,3.0,1.0,N,Y,"화16:30-18:30(E7 - 223), 목16:30-18:30(E7 - 223)",,
13,기초학부,전체,BS102a,03,공학수학Ⅰ,Carlos Scarinci,기초필수,교과,이론및실습,기초,기초과학,수학,,,등급,3.0,3.0,1.0,N,Y,"월09:00-11:00(E7 - L21), 수09:00-11:00(E7 - L21)",,
14,기초학부,전체,BS102a,04,공학수학Ⅰ,Carlos Scarinci,기초필수,교과,이론및실습,기초,기초과학,수학,,,등급,3.0,3.0,1.0,N,Y,"월16:00-18:00(E7 - 223), 수16:00-18:00(E7 - 223)",,
15,기초학부,전체,BS102a,05,공학수학Ⅰ,Carlos Scarinci,기초필수,교과,이론및실습,기초,기초과학,수학,,,등급,3.0,3.0,1.0,N,Y,"화11:00-13:00(E7 - 223), 목11:00-13:00(E7 - 223)",,
16,기초학부,전체,BS103a,01,일반물리Ⅰ,DEVECIOGLU DENIZ OLGU,기초필수,교과,이론,기초,기초과학,물리,,,등급,3.0,3.0,0.0,N,Y,"화15:00-16:30(E7 - 241), 목15:00-16:30(E7 - 241)",,
17,기초학부,전체,BS103a,02,일반물리Ⅰ,DEVECIOGLU DENIZ OLGU,기초필수,교과,이론,기초,기초과학,물리,,,등급,3.0,3.0,0.0,N,Y,"화11:00-12:30(E7 - 241), 목11:00-12:30(E7 - 241)",,
18,기초학부,전체,BS103a,03,일반물리Ⅰ,DEVECIOGLU DENIZ OLGU,기초필수,교과,이론,기초,기초과학,물리,,,등급,3.0,3.0,0.0,N,Y,"화17:00-18:30(E7 - 241), 목17:00-18:30(E7 - 241)",,
19,기초학부,전체,BS103a,04,일반물리Ⅰ,DEVECIOGLU DENIZ OLGU,기초필수,교과,이론,기초,기초과학,물리,,,등급,3.0,3.0,0.0,N,Y,"수15:00-16:30(E7 - 236), 금15:00-16:30(E7 - 236)",,"동일과목 : [대학](BS103) 고전역학, [대학](BS107) 고전역학-기초, [대학](BS107a) 일반물리Ⅰ-기초, [대학](BS108) 고전역학-심화, [대학](BS108a) 일반물리Ⅰ-심화"
20,기초학부,전체,BS104a,01,일반물리실험Ⅰ,김동렬,기초필수,교과,실습,기초,기초과학,물리,,,등급,1.0,0.0,2.0,N,N,월16:00-18:00(E2 - 220),,
21,기초학부,전체,BS104a,02,일반물리실험Ⅰ,김동렬,기초필수,교과,실습,기초,기초과학,물리,,,등급,1.0,0.0,2.0,N,N,수14:00-16:00(E2 - 220),,
22,기초학부,전체,BS104a,03,일반물리실험Ⅰ,김동렬,기초필수,교과,실습,기초,기초과학,물리,,,등급,1.0,0.0,2.0,N,N,월13:00-15:00(E2 - 220),,
23,기초학부,전체,BS104a,04,일반물리실험Ⅰ,김동렬,기초필수,교과,실습,기초,기초과학,물리,,,등급,1.0,0.0,2.0,N,N,월10:30-12:30(E2 - 220),,
24,기초학부,전체,BS104a,05,일반물리실험Ⅰ,김동렬,기초필수,교과,실습,기초,기초과학,물리,,,등급,1.0,0.0,2.0,N,N,수11:00-13:00(E2 - 220),,
25,기초학부,전체,BS104a,06,일반물리실험Ⅰ,김동렬,기초필수,교과,실습,기초,기초과학,물리,,,등급,1.0,0.0,2.0,N,N,수16:00-18:00(E2 - 220),,동일과목 : [대학](BS104) 고전역학 실험
26,기초학부,전체,BS104a,07,일반물리실험Ⅰ,박기성,기초필수,교과,실습,기초,기초과학,물리,,,등급,1.0,0.0,2.0,N,Y,화13:00-15:00(E2 - 220),,"일반물리실험1의 07분반 (화요일 오후 1시부터-3시)은 외국인 학생들을 위한 분반입니다.   이 분반에서는 영어로 모든 수업과 보고서 제출, 프로젝트 발표 등이 진행됩니다.    Section 07 of General Physics Laboratory I (Tuesday, 1:00–3:00 PM) is a section designated for international students.   In this section, all classes, laboratory reports, and project presentations are conducted in English.  동일과목 : [대학](BS104) 고전역학 실험"
27,기초학부,전체,BS113,01,일반화학실험Ⅰ,민은선,기초필수,교과,실습,기초,기초과학,화학,,,등급,1.0,0.0,2.0,N,N,수09:00-11:00(E6 - 221),,
28,기초학부,전체,BS113,02,일반화학실험Ⅰ,민은선,기초필수,교과,실습,기초,기초과학,화학,,,등급,1.0,0.0,2.0,N,N,월09:00-11:00(E6 - 221),,
29,기초학부,전체,BS113,03,일반화학실험Ⅰ,민은선,기초필수,교과,실습,기초,기초과학,화학,,,등급,1.0,0.0,2.0,N,N,월15:00-17:00(E6 - 221),,
30,기초학부,전체,BS113,04,일반화학실험Ⅰ,민은선,기초필수,교과,실습,기초,기초과학,화학,,,등급,1.0,0.0,2.0,N,N,월13:00-15:00(E6 - 221),,
31,기초학부,전체,BS113,05,일반화학실험Ⅰ,민은선,기초필수,교과,실습,기초,기초과학,화학,,,등급,1.0,0.0,2.0,N,N,수14:00-16:00(E6 - 221),,
32,기초학부,전체,BS113,06,일반화학실험Ⅰ,Desta Kebede Taye,기초필수,교과,실습,기초,기초과학,화학,,,등급,1.0,0.0,2.0,N,Y,수16:00-18:00(E6 - 221),,"동일과목 : [대학](SE108) 기초화학실험 I, [대학](SE108a) 기초화학실험"
33,기초학부,전체,BS113,07,일반화학실험Ⅰ,Desta Kebede Taye,기초필수,교과,실습,기초,기초과학,화학,,,등급,1.0,0.0,2.0,N,Y,목13:00-15:00(E6 - 221),,"동일과목 : [대학](SE108) 기초화학실험 I, [대학](SE108a) 기초화학실험"
34,기초학부,전체,BS114,01,생명과학개론,이석규,기초필수,교과,이론,기초,기초과학,생명과학,,,등급,3.0,3.0,0.0,N,Y,"화11:00-12:30(E7 - 242), 목11:00-12:30(E7 - 242)",,
35,기초학부,전체,BS114,02,생명과학개론,이효상,기초필수,교과,이론,기초,기초과학,생명과학,,,등급,3.0,3.0,0.0,N,Y,"월16:30-18:00(E7 - 224), 금16:30-18:00(E7 - 224)",,
36,기초학부,전체,BS115,01,일반생물학 실험,김유리,기초필수,교과,실습,기초,기초과학,생명과학,,,등급,1.0,0.0,2.0,N,Y,월09:00-11:00(E4 - 224),,
37,기초학부,전체,BS115,02,일반생물학 실험,조정아,기초필수,교과,실습,기초,기초과학,생명과학,,,등급,1.0,0.0,2.0,N,Y,수11:00-13:00(E4 - 224),,
38,기초학부,전체,BS115,03,일반생물학 실험,조정아,기초필수,교과,실습,기초,기초과학,생명과학,,,등급,1.0,0.0,2.0,N,Y,화11:00-13:00(E4 - 224),,
39,기초학부,전체,BS115,04,일반생물학 실험,조정아,기초필수,교과,실습,기초,기초과학,생명과학,,,등급,1.0,0.0,2.0,N,Y,목11:00-13:00(E4 - 224),,
40,기초학부,전체,BS115,05,일반생물학 실험,조정아,기초필수,교과,실습,기초,기초과학,생명과학,,,등급,1.0,0.0,2.0,N,Y,수09:00-11:00(E4 - 224),,
41,기초학부,전체,BS115,06,일반생물학 실험,조정아,기초필수,교과,실습,기초,기초과학,생명과학,,,등급,1.0,0.0,2.0,N,Y,수14:00-16:00(E4 - 224),,
42,기초학부,전체,BS115,07,일반생물학 실험,조정아,기초필수,교과,실습,기초,기초과학,생명과학,,,등급,1.0,0.0,2.0,N,Y,수16:00-18:00(E4 - 224),,
43,기초학부,전체,BS116,01,일반생물학Ⅰ,"정찬, 곽준명, 김민식",기초필수,교과,이론,기초,기초과학,생명과학,,,등급,3.0,3.0,0.0,N,Y,"월16:30-18:00(E7 - 236), 수16:30-18:00(E7 - 236)",,
44,기초학부,전체,BS118,01,일반화학Ⅰ,Desta Kebede Taye,기초필수,교과,이론,기초,기초과학,화학,,,등급,3.0,3.0,0.0,N,Y,월13:00-16:00(E7 - 241),,
45,기초학부,전체,BS118,02,일반화학Ⅰ,상가라쥬샨무감,기초필수,교과,이론,기초,기초과학,화학,,,등급,3.0,3.0,0.0,N,Y,"화14:00-15:30(E7 - 242), 목14:00-15:30(E7 - 242)",,
46,기초학부,전체,BS118,03,일반화학Ⅰ,남은주,기초필수,교과,이론,기초,기초과학,화학,,,등급,3.0,3.0,0.0,N,Y,"수09:00-10:30(E7 - 233), 금09:00-10:30(E7 - 233)",,
47,기초학부,전체,BS118,04,일반화학Ⅰ,Desta Kebede Taye,기초필수,교과,이론,기초,기초과학,화학,,,등급,3.0,3.0,0.0,N,Y,"화16:00-17:30(E7 - 242), 목16:00-17:30(E7 - 242)",,"동일과목 : [대학](BS112) 물질의 이해, [대학](SE107) 물질의 이해"
48,기초학부,전체,BS118,05,일반화학Ⅰ,Desta Kebede Taye,기초필수,교과,이론,기초,기초과학,화학,,,등급,3.0,3.0,0.0,N,Y,"화09:00-10:30(E7 - 242), 목09:00-10:30(E7 - 242)",,"동일과목 : [대학](BS112) 물질의 이해, [대학](SE107) 물질의 이해"
49,기초학부,전체,BS202,01,확률과 통계 및 실습,Carlos Scarinci,기초필수,교과,이론및실습,기초,기초과학,수학,,,등급,3.0,3.0,1.0,N,Y,"화16:00-18:00(E7 - L21), 목16:00-18:00(E7 - L21)",,"2018학번 이상, 실습을 R이 아닌 Python으로 진행함"
50,기초학부,전체,BS203,01,선형대수학,한강진,기초필수,교과,이론및실습,기초,기초과학,수학,,,등급,3.0,3.0,1.0,N,Y,"월13:00-15:00(E7 - 223), 수13:00-15:00(E7 - 223)",,
51,기초학부,전체,BS203,02,선형대수학,한강진,기초필수,교과,이론및실습,기초,기초과학,수학,,,등급,3.0,3.0,1.0,N,Y,"화16:00-18:00(E7 - L22), 목16:00-18:00(E7 - L22)",,
52,기초학부,전체,BS203,03,선형대수학,이두석,기초필수,교과,이론및실습,기초,기초과학,수학,,,등급,3.0,3.0,1.0,N,Y,"월09:00-11:00(E7 - L22), 수09:00-11:00(E7 - L22)",,
53,기초학부,전체,CE303,01,화학공학열역학(공),고서진,심화필수,교과,이론,심화,전공,트랙,,공학사,등급,3.0,3.0,0.0,N,Y,"화10:30-12:00(E7 - L31), 목10:30-12:00(E7 - L31)",,
54,기초학부,전체,CE401,01,"고분자개론(이,공)",호동해,심화필수,교과,이론,심화,전공,트랙,,"이학사,공학사",등급,3.0,3.0,0.0,N,Y,"화09:00-10:30(E7 - L22), 목09:00-10:30(E7 - L22)",,
55,기초학부,전체,CE402,01,화학 제품 및 공정 설계(공),김찬연,심화필수,교과,이론,심화,전공,트랙,,공학사,등급,3.0,3.0,0.0,N,Y,"월14:30-16:00(E7 - G02), 수14:30-16:00(E7 - G02)",,
56,기초학부,전체,CHEM201,01,"분석화학(이,공)",이호춘,심화필수,교과,이론,심화,전공,트랙,,"이학사,공학사",등급,3.0,3.0,0.0,N,Y,"월10:30-12:00(E7 - 233), 수10:30-12:00(E7 - 233)",,
57,기초학부,전체,CHEM205,01,"유기화학Ⅰ(이,공)",정병혁,심화필수,교과,이론,심화,전공,트랙,,"이학사,공학사",등급,3.0,3.0,0.0,N,Y,"화09:00-10:30(E7 - 236), 목09:00-10:30(E7 - 236)",,
58,기초학부,전체,CHEM206,01,일반화학실험Ⅱ(이),Desta Kebede Taye,심화필수,교과,실습,심화,전공,트랙,,이학사,등급,1.0,0.0,2.0,N,Y,수13:00-15:00(E6 - 222),,
59,기초학부,전체,CHEM301,01,심화화학실험Ⅰ(이),"홍선기, 남은주",심화필수,교과,실습,심화,전공,트랙,,이학사,등급,2.0,0.0,4.0,N,Y,화12:30-16:30(E6 - 222),,
60,기초학부,전체,CHEM305,01,"무기화학Ⅱ(이,공)",김성균,심화필수,교과,이론,심화,전공,트랙,,"이학사,공학사",등급,3.0,3.0,0.0,N,Y,"월15:00-16:30(E7 - L22), 수15:00-16:30(E7 - L22)",(CHEM202) 무기화학 Ⅰ (이.공),무기화학I 사전 수강 필수
61,기초학부,전체,CHEM306,01,"물리화학Ⅱ(이,공)",성주영,심화필수,교과,이론,심화,전공,트랙,,"이학사,공학사",등급,3.0,3.0,0.0,N,Y,"월09:00-10:30(E7 - 224), 수09:00-10:30(E7 - 224)",,
62,기초학부,전체,CHEM404,01,계산화학(이),장윤희,심화필수,교과,이론및실습,심화,전공,트랙,,이학사,등급,3.0,2.0,1.0,N,Y,"월16:30-18:00(E7 - L22), 수16:30-18:00(E7 - L22)",,
63,기초학부,전체,CSE203,01,"자료구조(이,공)",김선준,심화필수,교과,이론,심화,전공,전공심화,,"이학사,공학사",등급,3.0,3.0,0.0,N,Y,"월11:00-12:30(E7 - 242), 수11:00-12:30(E7 - 242)",(BE101a) 프로그래밍,
64,기초학부,전체,CSE302,01,"기계학습개론(이,공)",노어진,심화필수,교과,이론,심화,전공,트랙,,"이학사,공학사",등급,3.0,3.0,0.0,N,Y,"월15:00-16:30(E7 - 242), 수15:00-16:30(E7 - 242)",,
65,기초학부,전체,CSE305,01,컴퓨터구조(공),이효근,심화필수,교과,이론,심화,전공,전공심화,,공학사,등급,3.0,3.0,0.0,N,Y,"화13:00-14:30(E7 - 236), 목13:00-14:30(E7 - 236)",(CSE201) 객체지향 프로그래밍 (이.공),
66,기초학부,전체,CSE306,01,시스템 프로그래밍(공),이용우,심화필수,교과,이론,심화,전공,전공심화,,공학사,등급,3.0,3.0,0.0,N,Y,"월16:30-18:00(E7 - 242), 수16:30-18:00(E7 - 242)",(CSE201) 객체지향 프로그래밍 (이.공),
67,기초학부,전체,CSE307,01,"프로그래밍 언어(이,공)",전민석,심화필수,교과,이론,심화,전공,트랙,,"이학사,공학사",등급,3.0,3.0,0.0,N,Y,"화14:30-16:00(E7 - 236), 목14:30-16:00(E7 - 236)",,신규개설
68,기초학부,전체,CSE404,01,컴퓨터 비전 개론(공),임성훈,심화필수,교과,이론,심화,전공,트랙,,공학사,등급,3.0,3.0,0.0,N,Y,"화09:00-10:30(E7 - L21), 목09:00-10:30(E7 - L21)",,
69,기초학부,전체,CSE405,01,컴퓨터보안개론(공),최원석,심화필수,교과,이론,심화,전공,트랙,,공학사,등급,3.0,3.0,0.0,N,Y,"월10:30-12:00(E7 - 224), 수10:30-12:00(E7 - 224)",,
70,기초학부,전체,EE301,01,신호 및 시스템(공),최재호,심화필수,교과,이론,심화,전공,전공심화,,공학사,등급,3.0,3.0,0.0,N,Y,"화09:00-10:30(E7 - 241), 목09:00-10:30(E7 - 241)",,
71,기초학부,전체,EE401,01,디지털 신호처리(공),이민선,심화필수,교과,이론,심화,전공,전공심화,,공학사,등급,3.0,3.0,0.0,N,Y,"화09:00-10:30(E7 - G01), 목09:00-10:30(E7 - G01)",,
72,기초학부,전체,EE403,01,디지털통신(공),서대원,심화필수,교과,이론,심화,전공,트랙,,공학사,등급,3.0,3.0,0.0,N,Y,"월13:00-14:30(E7 - G02), 수13:00-14:30(E7 - G02)",(EE305) 통신의 기초(공),
73,기초학부,전체,EE406,01,지능형제어시스템(공),"김경대, 이성민",심화필수,교과,이론,심화,전공,전공심화,,공학사,등급,3.0,3.0,0.0,N,Y,"화13:00-14:30(E7 - 235), 목13:00-14:30(E7 - 235)",(MECH309) 자동제어시스템(공),
74,기초학부,전체,EE407,01,디지털집적회로설계(공),김가인,심화필수,교과,이론,심화,전공,트랙,,공학사,등급,3.0,3.0,0.0,N,Y,"월09:00-10:30(E3 - 626), 수09:00-10:30(E3 - 626)",,
75,기초학부,전체,GC101,01,Academic English: Speaking and Correspondence,Aaron Cumberledge,기초필수,교과,이론,기초,글로벌커뮤니케이션,영어,,,등급,2.0,3.0,0.0,N,Y,화15:30-18:30(E7 - L27),,"2019-2014학번: Communication Skills, English for Science Leaders 1 대체과목"
76,기초학부,전체,GC101,02,Academic English: Speaking and Correspondence,Aaron Cumberledge,기초필수,교과,이론,기초,글로벌커뮤니케이션,영어,,,등급,2.0,3.0,0.0,N,Y,월09:00-12:00(E7 - L27),,"2019-2014학번: Communication Skills, English for Science Leaders 1 대체과목"
77,기초학부,전체,GC101,03,Academic English: Speaking and Correspondence,Aaron Cumberledge,기초필수,교과,이론,기초,글로벌커뮤니케이션,영어,,,등급,2.0,3.0,0.0,N,Y,월13:00-16:00(E7 - L27),,"2019-2014학번: Communication Skills, English for Science Leaders 1 대체과목"
78,기초학부,전체,GC101,04,Academic English: Speaking and Correspondence,Aaron Cumberledge,기초필수,교과,이론,기초,글로벌커뮤니케이션,영어,,,등급,2.0,3.0,0.0,N,Y,화11:00-14:00(E7 - L27),,"2019-2014학번: Communication Skills, English for Science Leaders 1 대체과목"
79,기초학부,전체,GC101,05,Academic English: Speaking and Correspondence,Benjamin Wilson Riley,기초필수,교과,이론,기초,글로벌커뮤니케이션,영어,,,등급,2.0,3.0,0.0,N,Y,수09:00-12:00(E7 - L28),,"2019-2014학번: Communication Skills, English for Science Leaders 1 대체과목"
80,기초학부,전체,GC101,06,Academic English: Speaking and Correspondence,Benjamin Wilson Riley,기초필수,교과,이론,기초,글로벌커뮤니케이션,영어,,,등급,2.0,3.0,0.0,N,Y,목11:00-14:00(E7 - L28),,"2019-2014학번: Communication Skills, English for Science Leaders 1 대체과목"
81,기초학부,전체,GC101,07,Academic English: Speaking and Correspondence,Benjamin Wilson Riley,기초필수,교과,이론,기초,글로벌커뮤니케이션,영어,,,등급,2.0,3.0,0.0,N,Y,목15:30-18:30(E7 - L28),,"2019-2014학번: Communication Skills, English for Science Leaders 1 대체과목"
82,기초학부,전체,GC101,08,Academic English: Speaking and Correspondence,Benjamin Wilson Riley,기초필수,교과,이론,기초,글로벌커뮤니케이션,영어,,,등급,2.0,3.0,0.0,N,Y,수14:00-17:00(E7 - L28),,"2019-2014학번: Communication Skills, English for Science Leaders 1 대체과목"
83,기초학부,전체,GC101,09,Academic English: Speaking and Correspondence,Mark Silverlock,기초필수,교과,이론,기초,글로벌커뮤니케이션,영어,,,등급,2.0,3.0,0.0,N,Y,수14:00-17:00(E7 - L27),,"2019-2014학번: Communication Skills, English for Science Leaders 1 대체과목"
84,기초학부,전체,GC101,10,Academic English: Speaking and Correspondence,Mark Silverlock,기초필수,교과,이론,기초,글로벌커뮤니케이션,영어,,,등급,2.0,3.0,0.0,N,Y,월13:00-16:00(E7 - L28),,"2019-2014학번: Communication Skills, English for Science Leaders 1 대체과목"
85,기초학부,전체,GC101,11,Academic English: Speaking and Correspondence,Mark Silverlock,기초필수,교과,이론,기초,글로벌커뮤니케이션,영어,,,등급,2.0,3.0,0.0,N,Y,수09:00-12:00(E7 - L27),,"2019-2014학번: Communication Skills, English for Science Leaders 1 대체과목"
86,기초학부,전체,GC101,12,Academic English: Speaking and Correspondence,Andrew John Miller,기초필수,교과,이론,기초,글로벌커뮤니케이션,영어,,,등급,2.0,3.0,0.0,N,Y,금14:00-17:00(E7 - L28),,"2019-2014학번: Communication Skills, English for Science Leaders 1 대체과목"
87,기초학부,전체,GC101,13,Academic English: Speaking and Correspondence,Andrew John Miller,기초필수,교과,이론,기초,글로벌커뮤니케이션,영어,,,등급,2.0,3.0,0.0,N,Y,금09:30-12:30(E7 - L28),,"2019-2014학번: Communication Skills, English for Science Leaders 1 대체과목"
88,기초학부,전체,GC101,14,Academic English: Speaking and Correspondence,이정아,기초필수,교과,이론,기초,글로벌커뮤니케이션,영어,,,등급,2.0,3.0,0.0,N,Y,화14:00-17:00(E7 - L28),,"2019-2014학번: Communication Skills, English for Science Leaders 1 대체과목"
89,기초학부,전체,HSS101,01,경제학 입문 - 영어강좌,김선구,기초필수,교과,이론,기초,인문사회,쓰기·읽기 중점,,,등급,3.0,3.0,0.0,N,Y,수10:00-13:00(E7 - L31),,
90,기초학부,전체,HSS102,01,과학기술과 현대사회,장하원,기초필수,교과,이론,기초,인문사회,쓰기·읽기 중점,,,등급,3.0,3.0,0.0,N,N,월10:00-13:00(E7 - G01),,
91,기초학부,전체,HSS103,01,법과 사회,김현희,기초필수,교과,이론,기초,인문사회,쓰기·읽기 중점,,,등급,3.0,3.0,0.0,N,N,금09:00-12:00(E7 - L21),,
92,기초학부,전체,HSS104a,01,소설의 이해,배하은,기초필수,교과,이론,기초,인문사회,쓰기·읽기 중점,,,등급,3.0,3.0,0.0,N,N,"월10:30-12:00(E7 - G02), 수10:30-12:00(E7 - G02)",,
93,기초학부,전체,HSS106,01,비교정치학,윤지성,기초필수,교과,이론,기초,인문사회,쓰기·읽기 중점,,,등급,3.0,3.0,0.0,N,N,"화16:00-17:30(E7 - G02), 목16:00-17:30(E7 - G02)",,
94,기초학부,전체,HSS107,01,언어학입문,이정아,기초필수,교과,이론,기초,인문사회,쓰기·읽기 중점,,,등급,3.0,3.0,0.0,N,N,금09:00-12:00(E7 - L30),,
95,기초학부,전체,HSS108,01,비교역사학,이원근,기초필수,교과,이론,기초,인문사회,쓰기·읽기 중점,,,등급,3.0,3.0,0.0,N,N,월10:00-13:00(E7 - L31),,
96,기초학부,전체,HSS109a,01,학술 글쓰기,배하은,기초필수,교과,이론,기초,인문사회,쓰기·읽기 중점,,,등급,3.0,3.0,0.0,N,N,"월09:00-10:30(E7 - G02), 수09:00-10:30(E7 - G02)",,
97,기초학부,전체,HSS109a,02,학술 글쓰기,임희현,기초필수,교과,이론,기초,인문사회,쓰기·읽기 중점,,,등급,3.0,3.0,0.0,N,N,목10:00-13:00(E7 - G02),,
98,기초학부,전체,HSS109a,03,학술 글쓰기,임희현,기초필수,교과,이론,기초,인문사회,쓰기·읽기 중점,,,등급,3.0,3.0,0.0,N,N,목14:30-17:30(E7 - 224),,
99,기초학부,전체,HSS109a,04,학술 글쓰기,전계성,기초필수,교과,이론,기초,인문사회,쓰기·읽기 중점,,,등급,3.0,3.0,0.0,N,N,화15:00-18:00(E7 - 224),,
100,기초학부,전체,HSS109a,05,학술 글쓰기,전계성,기초필수,교과,이론,기초,인문사회,쓰기·읽기 중점,,,등급,3.0,3.0,0.0,N,N,금09:00-12:00(E7 - 224),,
101,기초학부,전체,HSS112,01,사회학의 이해,최태섭,기초필수,교과,이론,기초,인문사회,쓰기·읽기 중점,,,등급,3.0,3.0,0.0,N,N,목09:00-12:00(E7 - G03),,
102,기초학부,전체,HSS114,01,지리학 입문,숀센,기초필수,교과,이론,기초,인문사회,쓰기·읽기 중점,,,등급,3.0,3.0,0.0,N,Y,월18:00-21:00(E7 - G01),,
103,기초학부,전체,HSS115,01,심리학으로의 여행,곽금주,기초필수,교과,이론,기초,인문사회,쓰기·읽기 중점,,,등급,3.0,3.0,0.0,N,N,화11:00-14:00(E7 - L30),,
104,기초학부,전체,HSS116,01,인류학의 이해,이정덕,기초필수,교과,이론,기초,인문사회,쓰기·읽기 중점,,,등급,3.0,3.0,0.0,N,N,화15:00-18:00(E7 - G03),,
105,기초학부,전체,HSS117,01,인간과 종교,박범석,기초필수,교과,이론,기초,인문사회,쓰기·읽기 중점,,,등급,3.0,3.0,0.0,N,N,목09:00-12:00(E7 - L30),,
106,기초학부,전체,HSS118,01,미래소양강좌,최한경,기초필수,교과,이론,기초,인문사회,쓰기·읽기 중점,,,S/U,1.0,1.0,0.0,N,Y,금13:00-14:00(E7 - 236),,
107,기초학부,전체,HSS119,01,진로탐색 및 전공설계Ⅰ,최한경,기초필수,교과,이론,기초,인문사회,쓰기·읽기 중점,,,S/U,1.0,1.0,0.0,N,Y,수13:00-14:00(E7 - L29),,
108,기초학부,전체,HSS121,01,Introduction to Traditional Korean Culture - 영어강좌,배하은,기초필수,교과,이론,기초,인문사회,쓰기·읽기 중점,,,등급,2.0,2.0,0.0,N,Y,월13:00-15:00(E7 - L22),,
109,기초학부,전체,HSS122,01,Introduction to Philosophy - 영어강좌,김병재,기초필수,교과,이론,기초,인문사회,쓰기·읽기 중점,,,등급,2.0,2.0,0.0,N,Y,월10:30-12:30(E7 - G03),,
110,기초학부,전체,HSS201,01,과학기술사의 주요 장면,장하원,기초필수,교과,이론,기초,인문사회,쓰기·읽기 중점,,,등급,3.0,3.0,0.0,N,N,월14:00-17:00(E7 - G01),,
111,기초학부,전체,HSS202,01,과학철학의 쟁점,강유진,기초필수,교과,이론,기초,인문사회,쓰기·읽기 중점,,,등급,3.0,3.0,0.0,N,N,수13:00-16:00(E7 - G03),,
112,기초학부,전체,HSS203,01,근대 사회와 사상,이원근,기초필수,교과,이론,기초,인문사회,쓰기·읽기 중점,,,S/U,3.0,3.0,0.0,N,N,월14:00-17:00(E7 - L30),,
113,기초학부,전체,HSS204,01,글로벌 정치경제 - 영어 강좌,윤지성,기초필수,교과,이론,기초,인문사회,쓰기·읽기 중점,,,등급,3.0,3.0,0.0,N,Y,"화11:00-12:30(E7 - 235), 목11:00-12:30(E7 - 235)",,영어 강좌 / Only English
114,기초학부,전체,HSS207a,01,커뮤니케이션 특강 - 영어 강좌,조성겸,기초필수,교과,이론,기초,인문사회,쓰기·읽기 중점,,,등급,3.0,3.0,0.0,N,Y,목13:00-16:00(E7 - G01),,영어 강좌 / Only English
115,기초학부,전체,HSS208a,01,철학 고전의 이해,김병재,기초필수,교과,이론,기초,인문사회,쓰기·읽기 중점,,,등급,3.0,3.0,0.0,N,N,"월13:00-14:30(E7 - 235), 수13:00-14:30(E7 - 235)",,"2018학번 이후만 수강 신청, 정원 : 32명"
116,기초학부,전체,HSS212,01,권리변동의 일반,함상범,기초필수,교과,이론,기초,인문사회,쓰기·읽기 중점,,,등급,3.0,3.0,0.0,N,N,월09:30-12:30(E7 - L30),,
117,기초학부,전체,HSS215,01,도시지리학,숀센,기초필수,교과,이론,기초,인문사회,쓰기·읽기 중점,,,등급,3.0,3.0,0.0,N,Y,"월15:00-16:30(E7 - 224), 수15:00-16:30(E7 - 224)",,
118,기초학부,전체,HSS218,01,세계종교입문,박범석,기초필수,교과,이론,기초,인문사회,쓰기·읽기 중점,,,등급,3.0,3.0,0.0,N,N,목13:00-16:00(E7 - L30),,
119,기초학부,전체,HSS221,01,사회과학 특강Ⅰ,곽금주,기초필수,교과,이론,기초,인문사회,쓰기·읽기 중점,,,등급,3.0,3.0,0.0,N,N,화14:00-17:00(E7 - L20),,
120,기초학부,전체,HSS222,01,사회과학 특강Ⅱ - 인류 진화와 문화,이정덕,기초필수,교과,이론,기초,인문사회,쓰기·읽기 중점,,,등급,3.0,3.0,0.0,N,N,수15:00-18:00(E7 - L30),,
121,기초학부,전체,HSS222,02,사회과학 특강Ⅱ - 문화와 사회,최태섭,기초필수,교과,이론,기초,인문사회,쓰기·읽기 중점,,,등급,3.0,3.0,0.0,N,N,목13:00-16:00(E7 - L20),,
122,기초학부,전체,HSS223,01,심리철학 - 영어 강좌,김병재,기초필수,교과,이론,기초,인문사회,쓰기·읽기 중점,,,등급,3.0,3.0,0.0,N,Y,"월14:30-16:00(E7 - 235), 수14:30-16:00(E7 - 235)",,영어 강좌 (Only English)
123,기초학부,전체,HSS301a,01,Scientific Writing,이정아,기초필수,교과,이론,기초,인문사회,쓰기·읽기 중점,,,등급,3.0,3.0,0.0,N,Y,"화09:00-10:30(E7 - L28), 목09:00-10:30(E7 - L28)",,"2019 - 2014 학번:  2학점 SW 대체과목, 선수과목: AE: Research&Writing"
124,기초학부,전체,HSS301a,02,Scientific Writing,Mark Silverlock,기초필수,교과,이론,기초,인문사회,쓰기·읽기 중점,,,등급,3.0,3.0,0.0,N,Y,"월18:00-19:30(E7 - L28), 수18:00-19:30(E7 - L28)",,"2019 - 2014 학번:  2학점 SW 대체과목, 선수과목: AE: Research&Writing"
125,기초학부,전체,INT201,01,국내 인턴십Ⅰ,김소희,심화필수,연구(Internship),실습,심화,현장,인턴십,,,S/U,1.0,0.0,1.0,N,N,토17:00-18:00(E7 - 241),,
126,기초학부,전체,INT202,01,국내 인턴십Ⅱ,김소희,심화필수,연구(Internship),실습,심화,현장,인턴십,,,S/U,1.0,0.0,1.0,N,N,토17:00-18:00(E7 - 241),,
127,기초학부,전체,INT203,01,국내 인턴십Ⅲ,김소희,심화필수,연구(Internship),실습,심화,현장,인턴십,,,S/U,2.0,0.0,2.0,N,N,토17:00-19:00(E7 - 241),,
128,기초학부,전체,INT204,01,국내 인턴십Ⅳ,김소희,심화필수,연구(Internship),실습,심화,현장,인턴십,,,S/U,2.0,0.0,2.0,N,N,토17:00-19:00(E7 - 241),,
129,기초학부,전체,INT211,01,해외 인턴십Ⅴ,김회준,심화필수,연구(Internship),실습,심화,현장,인턴십,,,S/U,2.0,0.0,10.0,N,N,토13:30-23:30(E7 - 241),,
130,기초학부,전체,INT212,01,해외 인턴십Ⅵ,김회준,심화필수,연구(Internship),실습,심화,현장,인턴십,,,S/U,2.0,0.0,10.0,N,N,토13:30-23:30(E7 - 241),,
131,기초학부,전체,INT213,01,해외 인턴십Ⅶ,김회준,심화필수,연구(Internship),실습,심화,현장,인턴십,,,S/U,2.0,0.0,10.0,N,N,토13:30-23:30(E7 - 241),,
132,기초학부,전체,INT214,01,해외 인턴십Ⅷ,김회준,심화필수,연구(Internship),실습,심화,현장,인턴십,,,S/U,2.0,0.0,10.0,N,N,토13:30-23:30(E7 - 241),,
133,기초학부,전체,INT401,01,국내 인턴십 Ⅴ,김소희,심화필수,연구(Internship),실습,심화,현장,인턴십,,,S/U,2.0,0.0,10.0,N,N,토13:30-23:30(E7 - 241),,
134,기초학부,전체,INT402,01,국내 인턴십 Ⅵ,김소희,심화필수,연구(Internship),실습,심화,현장,인턴십,,,S/U,2.0,0.0,10.0,N,N,토13:30-23:30(E7 - 241),,
135,기초학부,전체,LS203,01,세포생물학 실험(이),"이창훈, 정찬, 조정아",심화필수,교과,실습,심화,전공,트랙,,이학사,등급,3.0,0.0,6.0,N,N,"월16:30-19:30(E4 - 225), 수16:30-19:30(E4 - 225)","(BS114) 생명과학개론 또는 (BS116) 일반생물학Ⅰ, (BS115) 일반생물학 실험",
136,기초학부,전체,LS203,02,세포생물학 실험(이),"정찬, 이창훈, 조정아",심화필수,교과,실습,심화,전공,트랙,,이학사,등급,3.0,0.0,6.0,N,N,"화15:30-18:30(E4 - 225), 목15:30-18:30(E4 - 225)","(BS114) 생명과학개론 또는 (BS116) 일반생물학Ⅰ, (BS115) 일반생물학 실험",
137,기초학부,전체,LS203,03,세포생물학 실험(이),"조정아, 정찬, 이창훈",심화필수,교과,실습,심화,전공,트랙,,이학사,등급,3.0,0.0,6.0,N,N,"화15:00-18:00(E4 - 224), 목15:00-18:00(E4 - 224)","(BS114) 생명과학개론 또는 (BS116) 일반생물학Ⅰ, (BS115) 일반생물학 실험",
138,기초학부,전체,LS204,01,세포생물학(이),"백명인, 정영태",심화필수,교과,이론,심화,전공,트랙,,이학사,등급,3.0,3.0,0.0,N,Y,"화15:00-16:30(E7 - 233), 목15:00-16:30(E7 - 233)",(BS114) 생명과학개론 또는 (BS116) 일반생물학Ⅰ,
139,기초학부,전체,LS204,02,세포생물학(이),"백명인, 정영태",심화필수,교과,이론,심화,전공,트랙,,이학사,등급,3.0,3.0,0.0,N,Y,"월13:00-14:30(E7 - 236), 수13:00-14:30(E7 - 236)",(BS114) 생명과학개론 또는 (BS116) 일반생물학Ⅰ,
140,기초학부,전체,LS304,01,생명체의 다양성과 유기적 관계(이),이상임,심화필수,교과,이론,심화,전공,트랙,,이학사,등급,3.0,3.0,0.0,N,Y,"화09:00-10:30(E7 - 229), 목09:00-10:30(E7 - 229)",,
141,기초학부,전체,LS305,01,신경과학Ⅰ(이),"서병창, 정한빈, 엄지원",심화필수,교과,이론,심화,전공,트랙,,이학사,등급,3.0,3.0,0.0,N,Y,"화13:00-14:30(E7 - L21), 목13:00-14:30(E7 - L21)",,"학기변경으로 한시적으로 I,II 함께 개설"
142,기초학부,전체,LS306,01,신경과학Ⅱ(이),"현정호, 이효상, 최한경",심화필수,교과,이론,심화,전공,트랙,,이학사,등급,3.0,3.0,0.0,N,Y,"월14:30-16:00(E7 - L21), 수14:30-16:00(E7 - L21)",,"학기변경으로 한시적으로 I,II 함께 개설"
143,기초학부,전체,LS308,01,생화학Ⅰ(이),"김진해, 김유리, 이종찬, 이재민",심화필수,교과,이론,심화,전공,트랙,,이학사,등급,3.0,3.0,0.0,N,Y,"월16:30-18:00(E7 - 241), 수16:30-18:00(E7 - 241)",(BS114) 생명과학개론 또는 (BS116) 일반생물학Ⅰ,
144,기초학부,전체,LS312,01,의약품공학(이),"예경무, 이병훈",심화필수,교과,이론,심화,전공,트랙,,이학사,등급,3.0,3.0,0.0,N,Y,화09:00-12:00(E4 - 113),,
145,기초학부,전체,LS314,01,생명과학 노벨상 수상의  위대한 발견(이),"이병훈, 이송이",심화필수,교과,이론,심화,전공,트랙,,이학사,등급,3.0,3.0,0.0,N,Y,"월09:00-10:30(E7 - 229), 수09:00-10:30(E7 - 229)",,
146,기초학부,전체,LS403,01,발생 및 발달생물학(이),"백명인, 유성운, 곽준명",심화필수,교과,이론,심화,전공,트랙,,이학사,등급,3.0,3.0,0.0,N,Y,"화10:30-12:00(E7 - L22), 목10:30-12:00(E7 - L22)",,
147,기초학부,전체,LS406,01,"의생명공학(이,공)",이광,심화필수,교과,이론,심화,전공,트랙,,"이학사,공학사",등급,3.0,3.0,0.0,N,Y,금09:00-12:00(E7 - 235),,
148,기초학부,전체,LS407a,01,인체생리학(이),"이재민, 김은경",심화필수,교과,이론,심화,전공,트랙,,이학사,등급,3.0,3.0,0.0,N,Y,"월09:00-10:30(E4 - 406), 수09:00-10:30(E4 - 406)",,
149,기초학부,전체,LS410,01,현대 미생물학(이),"김유리, 정찬",심화필수,교과,이론,심화,전공,트랙,,이학사,등급,3.0,3.0,0.0,N,Y,"월14:30-16:00(E7 - 229), 수14:30-16:00(E7 - 229)",,
150,기초학부,전체,LS411,01,계산뇌과학입문(이),"유우경, 김민환",심화필수,교과,이론,심화,전공,트랙,,이학사,등급,3.0,3.0,0.0,N,Y,"월10:30-12:00(E4 - 113), 수10:30-12:00(E4 - 113)",,
151,기초학부,전체,LS412,01,뇌질환(이),이성배,심화필수,교과,이론,심화,전공,트랙,,이학사,등급,3.0,3.0,0.0,N,N,"화09:00-10:30(E7 - 235), 목09:00-10:30(E7 - 235)",,
152,기초학부,전체,MECH201,01,고체역학(공),장경인,심화필수,교과,이론,심화,전공,트랙,,공학사,등급,3.0,3.0,0.0,N,Y,"월13:00-14:30(E7 - 224), 수13:00-14:30(E7 - 224)",,
153,기초학부,전체,MECH301,01,인간과 공학(공),"김회준, 이성민, 박준혁, 남강현, 정소현, 김기섭",심화필수,교과,이론,심화,전공,트랙,,공학사,등급,3.0,3.0,0.0,N,Y,금13:00-16:00(E7 - L21),,
154,기초학부,전체,MECH306,01,진동공학(공),임용섭,심화필수,교과,이론,심화,전공,트랙,,공학사,등급,3.0,3.0,0.0,N,Y,"월10:30-12:00(E5 - 116), 수10:30-12:00(E5 - 116)",(MECH203) 동역학(공),
155,기초학부,전체,MECH309,01,자동제어시스템(공),박석호,심화필수,교과,이론,심화,전공,전공심화,,공학사,등급,3.0,3.0,0.0,N,Y,"화10:30-12:00(E7 - 236), 목10:30-12:00(E7 - 236)",,
156,기초학부,전체,MECH311,01,유체역학(공),정소현,심화필수,교과,이론,심화,전공,트랙,,공학사,등급,3.0,3.0,0.0,N,Y,수17:30-20:30(E7 - 233),,
157,기초학부,전체,MECH313,01,로봇전자공학(공),박경서,심화필수,교과,이론,심화,전공,트랙,,공학사,등급,3.0,3.0,0.0,N,Y,"월16:00-17:30(E5 - 217), 수16:00-17:30(E5 - 217)",(BE205) 회로이론과 계측법(이론),
158,기초학부,전체,MECH401,01,로봇동역학 및 제어(공),황민호,심화필수,교과,이론,심화,전공,트랙,,공학사,등급,3.0,3.0,0.0,N,Y,"화10:30-12:00(E7 - G01), 목10:30-12:00(E7 - G01)","(MECH203) 동역학(공), (MECH309) 자동제어시스템(공)",
159,기초학부,전체,MECH402,01,마이크로/나노공학(공),이재홍,심화필수,교과,이론,심화,전공,트랙,,공학사,등급,3.0,3.0,0.0,N,Y,"화13:00-14:30(E7 - 229), 목13:00-14:30(E7 - 229)","(MECH201) 고체역학 (공), (MECH311) 유체역학 (공)",
160,기초학부,전체,MECH407,01,모빌리티공학개론(공),이성민,심화필수,교과,이론,심화,전공,트랙,,공학사,등급,3.0,3.0,0.0,N,Y,"화16:30-18:00(E5 - 217), 목16:30-18:00(E5 - 217)",,신규개설
161,기초학부,전체,MSE305a,01,"재료공학개론Ⅰ(이,공)",이주혁,심화필수,교과,이론,심화,전공,트랙,,"이학사,공학사",등급,3.0,3.0,0.0,N,Y,"월09:00-10:30(E7 - L20), 수09:00-10:30(E7 - L20)",,
162,기초학부,전체,MSE307,01,재료공학실험(공),"김진수, 이성원, 이주혁, 이종수, 이신범",심화필수,교과,실습,심화,전공,트랙,,공학사,등급,3.0,0.0,6.0,N,Y,"수16:30-19:30(E6 - 223), 금13:00-16:00(E6 - 223)",,
163,기초학부,전체,MSE402,01,재료상변태(공),김진수,심화필수,교과,이론,심화,전공,트랙,,공학사,등급,3.0,3.0,0.0,N,Y,"수10:30-12:00(E7 - 223), 금10:30-12:00(E7 - 223)",,
164,기초학부,전체,MSE407,01,재료의 기계적 거동(공),김영규,심화필수,교과,이론,심화,전공,트랙,,공학사,등급,3.0,3.0,0.0,N,N,"월13:30-15:00(E7 - L20), 수13:30-15:00(E7 - L20)",,신규개설
165,기초학부,전체,PHY202a,01,"해석역학Ⅰ(이,공)",이재동,심화필수,교과,이론,심화,전공,트랙,,"이학사,공학사",등급,3.0,3.0,0.0,N,Y,"월16:00-17:30(E7 - G02), 수16:00-17:30(E7 - G02)",,
166,기초학부,전체,PHY205a,01,현대물리(이),김소연,심화필수,교과,이론,심화,전공,트랙,,이학사,등급,3.0,3.0,0.0,N,Y,"월11:00-12:30(E7 - L22), 수11:00-12:30(E7 - L22)",,
167,기초학부,전체,PHY302a,01,고급물리 실험(이),"박기성, 김소연, 서정필",심화필수,교과,실습,심화,전공,트랙,,이학사,등급,2.0,0.0,4.0,N,Y,"월13:00-15:00(E2 - 219), 수13:00-15:00(E2 - 219)",,
168,기초학부,전체,PHY304,01,"양자역학Ⅰ(이,공)",박기성,심화필수,교과,이론,심화,전공,트랙,,"이학사,공학사",등급,3.0,3.0,0.0,N,Y,"월09:00-10:30(E7 - 223), 수09:00-10:30(E7 - 223)","(PHY202a) 해석역학Ⅰ(이,공) 또는 (PHY203a) 전기역학 I(이)",
169,기초학부,전체,PHY306,01,수리물리(이),최승호,심화필수,교과,이론,심화,전공,트랙,,이학사,등급,3.0,3.0,0.0,N,Y,"화09:00-10:30(E7 - L31), 목09:00-10:30(E7 - L31)",,
170,기초학부,전체,PHY308,01,전기역학Ⅱ(이),유천열,심화필수,교과,이론,심화,전공,트랙,,이학사,등급,3.0,3.0,0.0,N,Y,"화10:30-12:00(E2 - 525), 목10:30-12:00(E2 - 525)",,
171,기초학부,전체,PHY401,01,"현대광학(이,공)",이기준,심화필수,교과,이론,심화,전공,트랙,,"이학사,공학사",등급,3.0,3.0,0.0,N,Y,"화10:30-12:00(E7 - L21), 목10:30-12:00(E7 - L21)",(PHY203a) 전기역학 I(이),
172,기초학부,전체,PHY403,01,"고체물리Ⅱ(이,공)",홍정일,심화필수,교과,이론,심화,전공,트랙,,"이학사,공학사",등급,3.0,3.0,0.0,N,Y,"월10:30-12:00(E2 - 324), 수10:30-12:00(E2 - 324)","(PHY304) 양자역학Ⅰ(이,공)",
173,기초학부,전체,PHY405,01,"생물물리학(이,공)",이종찬,심화필수,교과,이론,심화,전공,트랙,,"이학사,공학사",등급,3.0,3.0,0.0,N,Y,금13:00-16:00(E7 - L22),,
174,기초학부,전체,PHY406,01,전산물리(이),강준구,심화필수,교과,이론,심화,전공,트랙,,이학사,등급,3.0,3.0,0.0,N,Y,"화14:30-16:00(E7 - 229), 목14:30-16:00(E7 - 229)",,
175,기초학부,전체,PHY408,01,"원자분자물리학(이,공)",허승정,심화필수,교과,이론,심화,전공,트랙,,"이학사,공학사",등급,3.0,3.0,0.0,N,Y,"화13:00-14:30(E7 - G02), 목13:00-14:30(E7 - G02)",,신규개설
176,기초학부,전체,TP101,01,디자인 사고,박종래,심화필수,교과,이론,심화,전공,비트랙/융합,,,등급,3.0,3.0,0.0,N,N,월09:00-12:00(E7 - 237),,
177,기초학부,전체,TP202,01,"도심항공교통개론(이,공)",인수일,심화필수,교과,이론,심화,전공,비트랙/융합,,"이학사,공학사",등급,3.0,3.0,0.0,N,Y,월16:00-19:00(E7 - G03),,신규개설
178,기초학부,전체,TP301,01,커뮤니케이션과 현대사회,조성겸,심화필수,교과,이론,심화,전공,비트랙/융합,,,등급,3.0,3.0,0.0,N,N,금09:00-12:00(E7 - L31),,
179,기초학부,전체,TP305,01,게임이론,김선구,심화필수,교과,이론,심화,전공,비트랙/융합,,,등급,3.0,3.0,0.0,N,N,수14:30-17:30(E7 - L31),,
180,기초학부,전체,TP307a,01,UX디자인,박종래,심화필수,교과,이론,심화,전공,비트랙/융합,,,등급,3.0,3.0,0.0,N,N,수10:30-13:30(E7 - 237),,
181,기초학부,전체,TP308,01,생명에 대한 융합적 이해,남창훈,심화필수,교과,이론,심화,전공,비트랙/융합,,,등급,3.0,3.0,0.0,N,N,화09:00-12:00(E7 - G02),,
182,기초학부,전체,TP309,01,학부생을 위한 해석학 개론,안흥주,심화필수,교과,이론,심화,전공,비트랙/융합,,,등급,3.0,3.0,0.0,N,Y,"화09:00-10:30(E7 - 223), 목09:00-10:30(E7 - 223)",,
183,기초학부,전체,TP310,01,현대대수학 개론,Hudson Thomas Bryan,심화필수,교과,이론,심화,전공,비트랙/융합,,,등급,3.0,3.0,0.0,N,Y,"화09:00-10:30(E7 - 224), 목09:00-10:30(E7 - 224)",,
184,기초학부,전체,TP406,01,"텐서들의 기하학과 그 응용(이,공)",한강진,심화필수,교과,이론,심화,전공,비트랙/융합,,"이학사,공학사",등급,3.0,3.0,0.0,N,Y,"화13:00-14:30(E7 - L22), 목13:00-14:30(E7 - L22)",,신규개설
185,반도체공학과,전체,SM204,01,반도체공정개론(공)(반),권혁준,심화필수,교과,이론,심화,전공,전공심화,,공학사,등급,3.0,3.0,0.0,N,Y,"월13:00-14:30(E7 - 242), 수13:00-14:30(E7 - 242)",,"* 반도체공학과 학생만 수강신청 가능하며, 기초학부의 반도체공정개론(EE404)과 동일과목으로 지정하며, 교차수강 및 중복수강 불가* 교과목 신설 시, 기초학부 기존 교과목인 반도체공정개론(공)을 기이수한 학생들은 수강이 인정됨"
186,반도체공학과,전체,SM303,01,전자소자개론(공)(반),이병문,심화필수,교과,이론,심화,전공,전공심화,,공학사,등급,3.0,3.0,0.0,N,Y,"화10:30-12:00(E7 - 224), 목10:30-12:00(E7 - 224)",(SM203a) 반도체물성 개론(공)(반),"* 반도체공학과 학생만 수강신청 가능하며, 기초학부 전자소자개론(EE302)과 동일과목으로 지정하며, 교차수강 및 중복수강 불가* 교과목 신설 시, 기초학부 기존 교과목인 전자소자개론(공)을 기이수한 학생들은 수강이 인정됨"
187,반도체공학과,전체,SM304,01,전자회로 이론(공)(반),이정협,심화필수,교과,이론,심화,전공,전공심화,,공학사,등급,3.0,3.0,0.0,N,Y,"화14:30-16:00(E7 - 235), 목14:30-16:00(E7 - 235)","(BE205) 회로이론과 계측법(이론), (BE206) 회로이론과 계측법(실습)","* 반도체공학과 학생만 수강신청 가능하며, 기초학부 전기전자트랙의 전자회로이론(EE303)과 동일과목으로 지정하며 교차수강 및 중복수강 불가* 교과목 신설 시, 기초학부 기존 교과목인 전자회로이론(공)을 기이수한 학생들은 수강이 인정됨"
188,반도체공학과,전체,SM305,01,반도체공정실습(공)(반),"장재은, 최상현",심화필수,교과,실습,심화,전공,전공심화,,공학사,등급,3.0,0.0,3.0,N,Y,금13:00-16:00(R6 - 208),,"* 반도체공학과 학생만 수강신청 가능하며, 기초학부의 반도체공정실습(EE405)과 동일과목으로 지정하며, 교차수강 및 중복수강 불가"